hidden,train_acc,val_acc
4,0.847000002861023,0.7960000038146973
16,0.8830000162124634,0.843999981880188
32,0.8949999809265137,0.8199999928474426
64,0.9070000052452087,0.8360000252723694
128,0.9169999957084656,0.8399999737739563
